avg_na_sales,avg_eu_sales,avg_jp_sales,avg_other_sales,avg_global_sales,avg_total_sales
0.28696629213483155,0.08910112359550554,0,0.042471910112359505,0.4194382022471911,0.8379775280898878
